file,line_or_context,current_wording,recommended_wording,reason
README.md,Line 50 (BRFSS Data Protocol & Methodological Limitations),"24,206 repeated feature profiles exist in the cleaned dataset. Because BRFSS is an anonymous survey lacking individual respondent IDs, these identical feature combinations represent distinct survey respondents sharing the same discretized profile and are strictly retained to preserve natural sample prevalence.","24,206 exact duplicate rows beyond the first occurrence (across all 22 columns: 21 predictors + target) exist in the cleaned dataset (35,575 total rows in duplicate clusters). When restricted to the 21 predictor features, there are 25,772 repeated predictor observations beyond the first occurrence (38,000 total rows across 12,228 multi-observation profiles; 227,908 unique profiles). Because BRFSS is an anonymous survey lacking respondent IDs, identical records represent distinct individuals sharing discretized responses and are retained.","Conflates exact full-row duplicates (which include the target Diabetes_binary) with repeated predictor profiles. True repeated predictor profiles number 25,772 beyond first occurrence."
docs/data_preprocessing.md,Lines 20-25 (Section 3: Repeated Feature Profiles),"Number of repeated profiles: 24,206 rows (representing 9.54% of the raw dataset). Rationale: The dataset does not provide a respondent identifier. Exact repeated rows therefore cannot be verified as repeated observations of the same individual.","Exact Duplicate Rows: 24,206 surplus rows (35,575 total rows in clusters, 14.02% of sample across 22 variables). Repeated Predictor Profiles: 25,772 surplus rows (38,000 total rows, 14.98% of sample across 21 predictors). Rationale: Distinct respondents with identical discretized profiles; retained to preserve natural epidemiology.","Mislabels 24,206 full-row exact duplicates as 'repeated feature profiles' and omits cluster row counts."
docs/data_preprocessing.md,Line 71 (Table summary row),| Inspect Repeated Feature Profiles | 24206 retained | Repeated feature profiles (24206) retained because dataset lacks respondent IDs to prove duplicate identity. |,"| Inspect Exact Duplicate Rows | 24,206 retained | Exact duplicate rows (24,206 beyond first occurrence across all 22 columns) retained because dataset lacks respondent IDs to prove duplicate identity. |",Refers to exact duplicate rows as repeated feature profiles.
docs/data_understanding.md,Lines 106-116 (Section 5: Duplicate Records Evaluation),"Duplicate Rows Count: 24206, Duplicate Percentage: 9.5419%. In a large-scale survey consisting of 253,680 respondents and 22 coded categorical or ordinal variables, it is mathematically expected to observe identical response profiles (duplicates)...","Exact Duplicate Rows Count (beyond 1st): 24,206 (9.5419%); Total Rows in Exact Duplicate Groups: 35,575 (14.0236%); Repeated Predictor Profiles (beyond 1st): 25,772 (10.1593%); Total Rows in Repeated Predictor Profiles: 38,000 (14.9795%).","Does not clarify that 24,206 applies to all 22 columns and only counts surplus occurrences beyond the first instance."
docs/data_understanding.md,Line 208 (Section 3: Key Insights),3. Repeated Feature Profiles: Exact repeated rows cannot be verified as repeated observations of the same respondent because the dataset does not provide a respondent identifier...,"3. Exact Repeated Rows vs. Repeated Predictor Profiles: Exact repeated rows (24,206 beyond 1st; 35,575 total) and repeated predictor profiles (25,772 beyond 1st; 38,000 total) represent distinct respondents with identical discretized surveys.",Uses 'repeated feature profiles' synonymously with 'exact repeated rows'.
docs/repository_final_audit.md,Line 91 (Audit item 3),"3. Repeated Feature Profiles: 24,206 identical response profiles exist and are retained because individual survey respondent IDs are not provided.","3. Exact Duplicate Rows: 24,206 exact duplicate rows beyond the first occurrence across all 22 columns exist and are retained. Repeated predictor profiles across 21 predictors number 25,772 beyond first occurrence.","Attributes 24,206 to identical response profiles rather than exact duplicate rows."
docs/statistical_analysis.md,Line 13 (Methodological preamble),"The analysis is conducted on the full dataset of 253,680 survey respondents (retaining repeated feature profiles to preserve natural sample distribution).","The analysis is conducted on the full dataset of 253,680 survey respondents (retaining exact duplicate rows and repeated predictor profiles to preserve natural sample distribution).",Imprecise terminology for retaining the complete un-deduplicated cohort.
notebooks/01_data_understanding.ipynb,Cells 208-229 (Duplicate Records Summary),"dup_count = df.duplicated().sum()... 'Interpretation: Out of 253,680 respondents, 24,206 duplicate profiles are present (9.5419%).'","dup_count = df.duplicated().sum() (counts surplus exact duplicate rows across all 22 variables). Out of 253,680 observations, 24,206 exact duplicate surplus rows exist (35,575 rows in duplicate groups). Repeated predictor profiles across 21 features number 25,772.",Calls df.duplicated().sum() 'duplicate profiles' rather than exact duplicate rows.
notebooks/data_preprocessing.py,Lines 112-127 (Step: Inspect Repeated Feature Profiles),"repeated_profile_count = int(df.duplicated().sum())
print(f'Repeated feature profiles detected: {repeated_profile_count}')","exact_duplicate_rows = int(df.duplicated().sum())
repeated_predictor_profiles = int(df.duplicated(subset=feature_cols).sum())
print(f'Exact duplicate rows detected: {exact_duplicate_rows}')
print(f'Repeated predictor profiles detected: {repeated_predictor_profiles}')",Assigns full-dataframe df.duplicated().sum() to a variable named repeated_profile_count.
notebooks/data_understanding.py,"Lines 139-150, 408-420 (generate_duplicate_summary)","dup_count = df.duplicated().sum()... 'Metric': ['Total Rows', 'Duplicate Rows Count', 'Duplicate Percentage'] -> 24206","Add distinct reporting for Exact Duplicate Rows (beyond 1st), Total Rows in Duplicate Groups, and Repeated Predictor Profiles.","Does not clarify that 24,206 includes the target and counts surplus duplicates only."
python_analysis/generate_final_results_summary.py,Line 24,repeated_profiles = int(df.duplicated().sum()),"exact_duplicate_rows = int(df.duplicated().sum())
repeated_predictor_profiles = int(df.duplicated(subset=feature_cols).sum())",Conflates exact duplicate rows with repeated feature profiles in pipeline summary script.
results/final_results_summary.json,Line 15,"'repeated_profiles_count': 24206,","'exact_duplicate_rows_count': 24206,
'repeated_predictor_profiles_count': 25772,",JSON key erroneously labels exact duplicate rows as repeated profiles.
results/data_understanding/duplicate_summary.csv,Lines 2-4,"Duplicate Rows Count,24206
Duplicate Percentage,9.5419%","Exact Duplicate Rows Count (Beyond 1st),24206
Exact Duplicate Percentage (Beyond 1st),9.5419%
Total Rows in Exact Duplicate Groups,35575
Total Rows in Exact Duplicate Groups Percentage,14.0236%","Metric label implies 24,206 is the total number of duplicate-affected rows rather than surplus copies."
results/data_preprocessing/preprocessing_summary.csv,Line 4,"Inspect Repeated Feature Profiles,24206 retained,Repeated feature profiles (24206) retained because dataset lacks respondent IDs to prove duplicate identity.","Inspect Exact Duplicate Rows,24,206 retained,Exact duplicate rows (24,206 surplus; 35,575 total in duplicate clusters) retained because dataset lacks respondent IDs to prove duplicate identity.",Mislabels exact duplicate rows as repeated feature profiles.
sql/outputs/import_validation_summary.csv,Line 3,"Duplicate Row Count,0,0,PASSED,Duplicate rows were successfully dropped during data cleaning stage","Duplicate Row Count,24206,24206,PASSED,Exact duplicate rows retained per study protocol (anonymous cross-sectional survey)","SQL log erroneously claims duplicates were dropped, conflicting with actual retained data."
