Rank,Variable,Description,LR_Chi2,df,p_value,Holm_p_value,Reject_Holm,Odds_Ratio,OR_95_CI_Lower,OR_95_CI_Upper,VIF
1,GenHlth,Self-Rated General Health,4941.502147402352,4,0.0,0.0,True,7.589952182274092,6.98513959481519,8.24713283782719,2.1652312608323427
2,BMI,Body Mass Index,3986.0392368628527,1,0.0,0.0,True,1.059339688022274,1.0574458028897513,1.0612369651025313,1.1686061190943955
3,Age,Age Category (13 levels),2869.3753495851415,12,0.0,0.0,True,7.7864042059447245,6.1735506717519115,9.820619232262466,6.2333363190695215
4,HighBP,High Blood Pressure,2448.451124261308,1,0.0,0.0,True,2.048174464138522,1.9897859840606713,2.1082763016493384,1.3365599393181995
5,HighChol,High Cholesterol,1572.3381028208532,1,0.0,0.0,True,1.7093509649681173,1.6642873920979067,1.755634715080234,1.183141828829062
6,HvyAlcoholConsump,Heavy Alcohol Consumption,476.94184481652337,1,9.889988676060687e-106,1.58239818816971e-104,True,0.46082851633788513,0.42726901296162423,0.49702392410387636,1.024842088874564
7,CholCheck,Cholesterol Check (5 Years),452.1313565503224,1,2.4789960221680264e-100,3.71849403325204e-99,True,3.43775154057454,3.0055428831787325,3.932113469704843,1.0345431211178244
8,Sex,Biological Sex,391.0409442295495,1,4.91205484888046e-87,6.876876788432644e-86,True,1.3059839701994287,1.2718768299196006,1.341005740725443,1.0805951355241699
9,Income,Income Bracket (8 levels),297.9838067818491,7,1.63030220235907e-60,2.119392863066791e-59,True,0.984763506051845,0.9185468003478616,1.0557536779663987,7.8155583092763425
10,HeartDiseaseorAttack,Heart Disease or Attack History,201.67564339289675,1,8.998630907162655e-46,1.0798357088595186e-44,True,1.289409858754212,1.245275610185674,1.335108284666928,1.1850386908979624
11,DiffWalk,Difficulty Walking or Climbing Stairs,73.65374934158172,1,9.309484588743003e-18,1.0240433047617304e-16,True,1.1569367317032062,1.1191630487972106,1.1959853415484143,1.5619270681120463
12,Education,Education Level (6 levels),49.610152296198066,5,1.665157652176201e-09,1.498641886958581e-08,True,0.9682797917471593,0.6603384931379096,1.4198259905319717,357.57502427566334
13,Stroke,Stroke History,41.07392869264004,1,1.465785766571312e-10,1.465785766571312e-09,True,1.1748078091860346,1.1186628196770456,1.2337706807158764,1.0838450312536254
14,PhysHlth,Physical Unhealthy Days,18.73276973760221,1,1.5037593679700583e-05,0.00012030074943760466,True,0.9965305023790382,0.9949591755577734,0.9981043107774772,1.8002893662073889
15,PhysActivity,Physical Activity Indicator,16.56809090563911,1,4.693409900292155e-05,0.0003285386930204509,True,0.9428910108402726,0.9166091978338096,0.9699263987579837,1.160235308575304
16,MentHlth,Mental Unhealthy Days,11.43098078953335,1,0.0007222954808697626,0.004333772885218575,True,0.9971343746825444,0.9954722882664788,0.9987992361946996,1.2481185494067202
17,Smoker,Tobacco Smoker Status,9.24984825833235,1,0.002355149393504852,0.011775746967524259,True,0.9603443783256261,0.9356198727220122,0.9857222488215063,1.1090578894372733
18,AnyHealthcare,Healthcare Coverage Access,4.947274633334018,1,0.02613183169771689,0.10452732679086756,False,1.0770911127297826,1.0085386855598135,1.150303187901539,1.1181261513195881
19,Veggies,Vegetable Consumption Daily,3.3591918072779663,1,0.06683085946325516,0.20049257838976547,False,0.9712102165510532,0.9413703551153014,1.0019959515483277,1.1133258576010143
20,Fruits,Fruit Consumption Daily,2.863398877263535,1,0.09061584200566795,0.20049257838976547,False,0.9770352065296001,0.951104697724293,1.0036726735578148,1.1170433623904592
21,NoDocbcCost,Doctor Cost Barrier,0.10518249130109325,1,0.7456969128393376,0.7456969128393376,False,1.007495076440251,0.9630553458421187,1.053985457257149,1.1498434687680308
