Rank,Variable,Description,LR_Chi2,df,p_value,Holm_p_value,Reject_Holm
1,GenHlth,Self-Rated General Health,4941.502147402352,4,0.0,0.0,True
2,BMI,Body Mass Index,3986.0392368628527,1,0.0,0.0,True
3,Age,Age Category (13 levels),2869.3753495851415,12,0.0,0.0,True
4,HighBP,High Blood Pressure,2448.451124261308,1,0.0,0.0,True
5,HighChol,High Cholesterol,1572.3381028208532,1,0.0,0.0,True
6,HvyAlcoholConsump,Heavy Alcohol Consumption,476.94184481652337,1,9.889988676060687e-106,1.58239818816971e-104,True
7,CholCheck,Cholesterol Check (5 Years),452.1313565503224,1,2.4789960221680264e-100,3.71849403325204e-99,True
8,Sex,Biological Sex,391.0409442295495,1,4.91205484888046e-87,6.876876788432644e-86,True
9,Income,Income Bracket (8 levels),297.9838067818491,7,1.63030220235907e-60,2.119392863066791e-59,True
10,HeartDiseaseorAttack,Heart Disease or Attack History,201.67564339289675,1,8.998630907162655e-46,1.0798357088595186e-44,True
11,DiffWalk,Difficulty Walking or Climbing Stairs,73.65374934158172,1,9.309484588743003e-18,1.0240433047617304e-16,True
12,Education,Education Level (6 levels),49.610152296198066,5,1.665157652176201e-09,1.498641886958581e-08,True
13,Stroke,Stroke History,41.07392869264004,1,1.465785766571312e-10,1.465785766571312e-09,True
14,PhysHlth,Physical Unhealthy Days,18.73276973760221,1,1.5037593679700583e-05,0.00012030074943760466,True
15,PhysActivity,Physical Activity Indicator,16.56809090563911,1,4.693409900292155e-05,0.0003285386930204509,True
16,MentHlth,Mental Unhealthy Days,11.43098078953335,1,0.0007222954808697626,0.004333772885218575,True
17,Smoker,Tobacco Smoker Status,9.24984825833235,1,0.002355149393504852,0.011775746967524259,True
18,AnyHealthcare,Healthcare Coverage Access,4.947274633334018,1,0.02613183169771689,0.10452732679086756,False
19,Veggies,Vegetable Consumption Daily,3.3591918072779663,1,0.06683085946325516,0.20049257838976547,False
20,Fruits,Fruit Consumption Daily,2.863398877263535,1,0.09061584200566795,0.20049257838976547,False
21,NoDocbcCost,Doctor Cost Barrier,0.10518249130109325,1,0.7456969128393376,0.7456969128393376,False
