Term,Variable,Description,Coefficient,Std_Error,z_statistic,p_value,Odds_Ratio,OR_95_CI_Lower,OR_95_CI_Upper,VIF,Holm_p_value,Reject_Holm
HighBP,HighBP,High Blood Pressure,0.7169488911166443,0.01475629352885213,48.58597382295462,0.0,2.048174464138522,1.9897859840606713,2.1082763016493384,1.3365599393181995,0.0,True
HighChol,HighChol,High Cholesterol,0.5361137458160062,0.013631223299692524,39.329833722854445,0.0,1.7093509649681173,1.6642873920979067,1.755634715080234,1.183141828829062,0.0,True
CholCheck,CholCheck,Cholesterol Check (5 Years),1.234817635755364,0.06855198625352489,18.012864444053516,1.5442645690334478e-72,3.43775154057454,3.0055428831787325,3.932113469704843,1.0345431211178244,5.559352448520412e-71,True
Smoker,Smoker,Tobacco Smoker Status,-0.04046333142502623,0.013307730479031228,-3.0405884375839767,0.0023611633779223404,0.9603443783256261,0.9356198727220122,0.9857222488215063,1.1090578894372733,0.03305628729091277,True
Stroke,Stroke,Stroke History,0.16110456756745556,0.024985411430459462,6.447945354666228,1.1337662563005656e-10,1.1748078091860346,1.1186628196770456,1.2337706807158764,1.0838450312536254,2.267532512601131e-09,True
HeartDiseaseorAttack,HeartDiseaseorAttack,Heart Disease or Attack History,0.25418463986655754,0.017769592237929527,14.304472295317822,2.0518832439909023e-46,1.289409858754212,1.245275610185674,1.335108284666928,1.1850386908979624,6.155649731972707e-45,True
PhysActivity,PhysActivity,Physical Activity Indicator,-0.058804580079894385,0.014423475313952026,-4.077004938124164,4.5619524296734417e-05,0.9428910108402726,0.9166091978338096,0.9699263987579837,1.160235308575304,0.0007755319130444851,True
Fruits,Fruits,Fruit Consumption Daily,-0.023232592246134588,0.013723996062289433,-1.6928445724327128,0.09048505599671673,0.9770352065296001,0.951104697724293,1.0036726735578148,1.1170433623904592,0.9048505599671673,False
Veggies,Veggies,Vegetable Consumption Daily,-0.029212339219204485,0.01592187496756887,-1.834729846749007,0.06654572763310354,0.9712102165510532,0.9413703551153014,1.0019959515483277,1.1133258576010143,0.732003003964139,False
HvyAlcoholConsump,HvyAlcoholConsump,Heavy Alcohol Consumption,-0.7747292871014037,0.038578346685804975,-20.08197223719978,1.0609773391894888e-89,0.46082851633788513,0.42726901296162423,0.49702392410387636,1.024842088874564,4.0317138889200574e-88,True
AnyHealthcare,AnyHealthcare,Healthcare Coverage Access,0.07426399323088453,0.03355243084523571,2.213371471457177,0.026872045833106647,1.0770911127297826,1.0085386855598135,1.150303187901539,1.1181261513195881,0.3493365958303864,False
NoDocbcCost,NoDocbcCost,Doctor Cost Barrier,0.007467127918820625,0.02301650682984798,0.32442489966102056,0.7456163710957995,1.007495076440251,0.9630553458421187,1.053985457257149,1.1498434687680308,1.0,False
DiffWalk,DiffWalk,Difficulty Walking or Climbing Stairs,0.14577576365950087,0.016936349762160515,8.607271679355348,7.48199773388184e-18,1.1569367317032062,1.1191630487972106,1.1959853415484143,1.5619270681120463,1.7956794561316416e-16,True
Sex,Sex,Biological Sex,0.26695675681216674,0.013501844225552744,19.771873556868705,5.200826194754629e-87,1.3059839701994287,1.2718768299196006,1.341005740725443,1.0805951355241699,1.924305692059213e-85,True
BMI,BMI,Body Mass Index,0.057645778190795395,0.0009129748313789929,63.14059950998316,0.0,1.059339688022274,1.0574458028897513,1.0612369651025313,1.1686061190943955,0.0,True
MentHlth,MentHlth,Mental Unhealthy Days,-0.0028697390825715772,0.0008511655295460723,-3.37154053231222,0.0007474903862332467,0.9971343746825444,0.9954722882664788,0.9987992361946996,1.2481185494067202,0.011212355793498701,True
PhysHlth,PhysHlth,Physical Unhealthy Days,-0.00347553028541784,0.0008051382487066148,-4.316687588747622,1.5838808074641025e-05,0.9965305023790382,0.9949591755577734,0.9981043107774772,1.8002893662073889,0.00028509854534353846,True
GenHlth_2,GenHlth,Self-Rated General Health,0.7242968427280966,0.03352567400877476,21.604244035139295,1.6384851625853456e-103,2.0632797795920554,1.9320618120890907,2.203409550479298,1.9893075940305074,6.390092134082848e-102,True
GenHlth_3,GenHlth,Self-Rated General Health,1.4225214403605921,0.03276925010859013,43.41025307709719,0.0,4.147565104972027,3.88955552566411,4.422689478650511,2.1652312608323427,0.0,True
GenHlth_4,GenHlth,Self-Rated General Health,1.851399354738527,0.03546149799130795,52.20871817632543,0.0,6.368725395971726,5.9411106608539415,6.827117938830862,2.122560916443714,0.0,True
GenHlth_5,GenHlth,Self-Rated General Health,2.026825291292053,0.04236828558917683,47.83826541732466,0.0,7.589952182274092,6.98513959481519,8.24713283782719,1.9840077534888194,0.0,True
Age_2,Age,Age Category (13 levels),0.13761399836557664,0.14597109523949675,0.9427482758815469,0.3458096740407536,1.1475325153470988,0.8620137207620966,1.5276217095647202,2.2806808613671263,1.0,False
Age_3,Age,Age Category (13 levels),0.4564327914769983,0.1308226344719175,3.4889435862490337,0.00048493348013642167,1.5784333294528388,1.2214334640611006,2.039776908718249,2.8644438490438366,0.007758935682182747,True
Age_4,Age,Age Category (13 levels),0.8772106713883203,0.12423113091180824,7.061117973811675,1.6516828857459426e-12,2.40418428499879,1.8846123107222839,3.066997940823119,3.307881906913572,3.633702348641074e-11,True
Age_5,Age,Age Category (13 levels),1.122800378122987,0.12151641788124574,9.239906818354909,2.467119938900416e-20,3.0734489826533227,2.422094291299369,3.8999673476399828,3.681309482344537,6.16779984725104e-19,True
Age_6,Age,Age Category (13 levels),1.3188084856567932,0.11980524476238727,11.00793615732282,3.499278161418205e-28,3.738963693221808,2.9564656589286398,4.728568200009757,4.24600479525204,9.098123219687333e-27,True
Age_7,Age,Age Category (13 levels),1.5436544791469053,0.11861746034612956,13.013720531888577,1.0224042387428523e-38,4.681668105150207,3.7105070147173898,5.907013828526643,5.20459199969773,2.8627318684799864e-37,True
Age_8,Age,Age Category (13 levels),1.629086600044509,0.11823953399609317,13.777850309341854,3.4643518684312625e-43,5.099214968027905,4.0444330171129055,6.42908244002053,5.868842404660567,1.0046620418450661e-41,True
Age_9,Age,Age Category (13 levels),1.8412244849846857,0.11800660666511455,15.602723754355644,6.975350897215226e-55,6.304252999909812,5.002489987543916,7.94476470434374,6.2333363190695215,2.2321122871088724e-53,True
Age_10,Age,Age Category (13 levels),2.0063155011672844,0.1180334578867636,16.997854143119827,8.518141767798852e-65,7.435869360354521,5.900128761983325,9.371346859500186,6.17105119444426,2.8961682010516097e-63,True
Age_11,Age,Age Category (13 levels),2.0523791622955105,0.1184231027655557,17.33090177816605,2.7498282299008098e-67,7.7864042059447245,6.1735506717519115,9.820619232262466,4.977937498225963,9.624398804652835e-66,True
Age_12,Age,Age Category (13 levels),1.9648237895505667,0.1190908892125605,16.49852312416303,3.759760296377275e-61,7.133655454767711,5.648612477566648,9.009122213542158,3.8090399735725073,1.2407208978045008e-59,True
Age_13,Age,Age Category (13 levels),1.7794758633592014,0.11926210417182549,14.920714972422775,2.416699322993009e-50,5.926749177947959,4.691378368405927,7.487427587351539,4.075750967876566,7.491767901278327e-49,True
Education_2,Education,Education Level (6 levels),-0.032234192408765065,0.19529364705341581,-0.1650549974108913,0.8689006939583571,0.9682797917471593,0.6603384931379096,1.4198259905319717,23.85769114998806,1.0,False
Education_3,Education,Education Level (6 levels),-0.15161371387345807,0.1933808762834974,-0.7840160660519065,0.433030683260639,0.8593201600929037,0.5882323437569645,1.2553392301175224,53.43214315902378,1.0,False
Education_4,Education,Education Level (6 levels),-0.2097948362153249,0.1919700933685056,-1.0928516652466431,0.2744589331027274,0.8107505655626834,0.5565215942551511,1.181115856681112,272.57110772196125,1.0,False
Education_5,Education,Education Level (6 levels),-0.1684219022749839,0.19205094606389256,-0.8769647102855322,0.38050580624481267,0.8449972532051969,0.579937558058521,1.2312021320272493,292.363979318032,1.0,False
Education_6,Education,Education Level (6 levels),-0.25906200641615634,0.1921706465389691,-1.348083128625072,0.1776316471735977,0.7717751665478578,0.5295596046276693,1.1247778389719945,357.57502427566334,1.0,False
Income_2,Income,Income Bracket (8 levels),-0.015353762016395493,0.035515275351376004,-0.4323143172758937,0.6655129827487649,0.984763506051845,0.9185468003478616,1.0557536779663987,2.1130842806548356,1.0,False
Income_3,Income,Income Bracket (8 levels),-0.04336803078127696,0.034284100373775404,-1.264960442551091,0.20588550847419518,0.9575589140547398,0.895329356102131,1.0241137159598492,2.504565928709644,1.0,False
Income_4,Income,Income Bracket (8 levels),-0.06411328117709819,0.03363241779254586,-1.9062941466940262,0.05661205324421404,0.9378987472385647,0.8780676758484158,1.0018066764862064,2.9043109137350425,0.6793446389305685,False
Income_5,Income,Income Bracket (8 levels),-0.14768525340201077,0.03322642209965514,-4.444813617279112,8.796809718783004e-06,0.8627026049245065,0.8083114441458923,0.9207537390862404,3.453099497477052,0.00016713938465687708,True
Income_6,Income,Income Bracket (8 levels),-0.2300977514029799,0.03275765613961148,-7.024243444717622,2.152292575977863e-12,0.794455939524869,0.7450517665946957,0.8471360892560507,4.39154813058401,4.519814409553512e-11,True
Income_7,Income,Income Bracket (8 levels),-0.25083111665330265,0.03312405130439566,-7.572477000119143,3.6617406252409457e-14,0.7781537776767118,0.7292395032527452,0.830349012925964,5.011832997519643,8.422003438054175e-13,True
Income_8,Income,Income Bracket (8 levels),-0.39115514050375516,0.032859223630676775,-11.903967814339344,1.128510269407531e-32,0.6762752302204839,0.6340940223017341,0.7212624168094414,7.8155583092763425,3.046977727400334e-31,True
