manuscript_section,claim,claim_type,source_artifact,verified,revision_needed,notes
Data and Preprocessing,"24,206 surplus exact duplicate rows across all 22 variables (35,575 total rows in 11,369 clusters)",Sample Count,results/phase1_integrity/dataset_integrity_summary.csv,True,False,Exact duplicate rows considering all 21 predictors and Diabetes_binary target
Data and Preprocessing,"227,908 unique predictor profiles across the 21 predictors",Sample Count,results/phase1_integrity/predictor_profile_statistics.csv,True,False,Predictor profiles defined solely on 21 features excluding target
Data and Preprocessing,"25,772 surplus repeated predictor observations (38,000 total records across 12,228 multi-observation profiles)",Sample Count,results/phase1_integrity/predictor_profile_statistics.csv,True,False,Multi-observation predictor profiles
Data and Preprocessing,"1,566 predictor profiles have conflicting target labels, encompassing 5,218 observations (2.06% of dataset)",Sample Count,results/phase1_integrity/predictor_profile_statistics.csv,True,False,Demonstrates conceptual distinction between identical predictor profiles and full-row duplicates
Data and Preprocessing,"All repeated profiles retained because respondent identifiers are absent and identical discrete survey profiles cannot be assumed duplicate individuals",Methodological Rationale,docs/data_preprocessing.md & Phase 1 Report,True,False,Avoids unjustified data deletion and sampling bias
Methodology,"In primary 80/20 split, 6,836 holdout observations (13.4737%) share predictor profiles with dev, and 6,375 (12.5650%) are exact duplicates",Sample Count,results/phase1_integrity/split_integrity_summary.csv,True,False,Empirical motivation for sensitivity analysis
Methodology,"Profile group defined strictly from 21 predictors; target excluded",Definition,python_analysis/phase2_profile_grouped_sensitivity.py,True,False,Deterministic factorization of feature matrix
Methodology,"Outer grouped partition selected Fold 2 from StratifiedGroupKFold(n_splits=5, shuffle=True, random_state=42) yielding zero shared predictor profiles",Partition Configuration,results/phase2_sensitivity/grouped_split_integrity.csv,True,False,Dev=202944 and Holdout=50736 match primary split exactly
Methodology,"Inner 5-fold StratifiedGroupKFold enforced on development set for model comparison, OOF generation, and threshold tuning",Partition Configuration,results/phase2_sensitivity/phase2_metadata.json,True,False,Zero profile sharing between inner CV folds
Methodology,"Partition strategy was the sole experimental factor manipulated; models, hyperparameters, and preprocessing remained identical",Experimental Control,python_analysis/phase2_profile_grouped_sensitivity.py,True,False,Guarantees controlled sensitivity experiment
Results,"Grouped 5-fold CV selected XGBoost with Mean PR-AUC of 0.4322 ± 0.0061 and ROC-AUC of 0.8294 ± 0.0030",Cross-Validation Metric,results/phase2_sensitivity/grouped_cv_summary.csv,True,False,Model ranking identical to primary CV (XGBoost > RF > LR > DT)
Results,"Grouped OOF threshold selection identified t* = 0.13 under Recall >= 0.80 constraint",Operating Point,results/phase2_sensitivity/grouped_threshold_analysis.csv,True,False,Threshold identical to primary analysis (0.13)
Results,"Grouped holdout PR-AUC achieved 0.4372 [0.4256, 0.4478] vs primary 0.4238 [0.4135, 0.4347] (delta = +0.0133)",Holdout Discrimination,results/phase2_sensitivity/primary_vs_grouped_comparison.csv,True,False,Bootstrap 95% CIs reported
Results,"Grouped holdout ROC-AUC achieved 0.8310 [0.8262, 0.8353] vs primary 0.8272 [0.8223, 0.8322] (delta = +0.0037)",Holdout Discrimination,results/phase2_sensitivity/primary_vs_grouped_comparison.csv,True,False,Bootstrap 95% CIs reported
Results,"Grouped holdout Recall achieved 0.8154 [0.8065, 0.8243] vs primary 0.8099 [0.8004, 0.8194] (delta = +0.0055)",Screening Performance,results/phase2_sensitivity/primary_vs_grouped_comparison.csv,True,False,Both maintain target >80% sensitivity
Results,"Grouped holdout Precision achieved 0.2993 [0.2955, 0.3030] vs primary 0.2991 [0.2953, 0.3028] (delta = +0.0002)",Screening Performance,results/phase2_sensitivity/primary_vs_grouped_comparison.csv,True,False,Virtually identical precision
Results,"Grouped holdout Specificity achieved 0.6910 [0.6866, 0.6954] vs primary 0.6928 (delta = -0.0018)",Screening Performance,results/phase2_sensitivity/primary_vs_grouped_comparison.csv,True,False,Bootstrap 95% CI reported
Results,"Grouped holdout Accuracy achieved 0.7083 [0.7044, 0.7122] vs primary 0.7091 (delta = -0.0008)",Screening Performance,results/phase2_sensitivity/primary_vs_grouped_comparison.csv,True,False,Concordant overall classification accuracy
Results,"Grouped holdout Brier score was 0.0964 vs primary 0.0974 (delta = -0.0010)",Calibration Metric,results/phase2_sensitivity/grouped_calibration_metrics.csv,True,False,Descriptively similar calibration error
Results,"Grouped Cox calibration slope was 0.9876 vs primary 0.9590 (delta = +0.0286)",Calibration Metric,results/phase2_sensitivity/grouped_calibration_metrics.csv,True,False,Descriptively closer to 1.0; no overclaim of statistical significance
Results,"Grouped calibration intercept was -0.0159 vs primary -0.0514 (delta = +0.0355)",Calibration Metric,results/phase2_sensitivity/grouped_calibration_metrics.csv,True,False,Descriptively closer to 0.0; no overclaim of statistical significance
Discussion,"The profile-grouped sensitivity analysis yielded discrimination, screening, and calibration estimates broadly consistent with primary evaluation",Scientific Interpretation,results/phase2_sensitivity/phase2_sensitivity_report.md,True,False,Robustness of internal findings confirmed
Discussion,"Because primary and grouped holdouts contain different observations, analysis cannot isolate causal effect of overlap or prove overlap has no influence",Mandatory Caveat,Methodological Precaution,True,False,Crucial caveat preventing overclaim
Limitations & Conclusion,"Findings support robustness of main internal conclusions to partitioning strategy, although external and temporal validation remain required",Scientific Scope,docs/repository_final_audit.md,True,False,Clear boundary between internal robustness and external transportability
Abstract,"Profile-grouped sensitivity analysis yielded broadly similar discrimination, screening performance, and calibration estimates, providing additional evidence that primary internal conclusions are robust to evaluated partitioning strategy",Sensitivity Framing,results/phase2_sensitivity/primary_vs_grouped_comparison.csv,True,False,Replaced confirming with cautious phrasing per scientific QA pass
Introduction,"RQ4 framed as sensitivity/robustness question regarding stability of findings under profile grouping",Research Question Formulation,Methodological Design,True,False,Audited to ensure non-causal robustness framing without claiming profile overlap causality
Discussion,"Research contributions consolidated into 5 conceptual scientific pillars rather than inflated checklist",Contribution Framing,Manuscript Structure,True,False,Conceptual consolidation avoids checklist presentation and unsupported novelty claims
