threshold,accuracy,precision,recall,specificity,f1,tp,tn,fp,fn,eligible_recall_ge_080,selected
0.01,0.29414025543992434,0.16429084495938426,0.994907522014358,0.1806924032587724,0.2820124701778304,28133,31561,143106,144,True,False
0.02,0.38937835067801957,0.1841001420219969,0.9856066768044701,0.2928544029496127,0.31024924580601354,27870,51152,123515,407,True,False
0.03,0.4490746215704825,0.19858693455731646,0.973123032853556,0.36423594611460663,0.3298589675199741,27517,63620,111047,760,True,False
0.04,0.4942792100283822,0.21107726262453566,0.9605332956112742,0.4187969106929185,0.3460992004077602,27161,73150,101517,1116,True,False
0.05,0.5321172343109429,0.2227406169174089,0.9471655408989639,0.4649246852582342,0.36066523027201725,26783,81207,93460,1494,True,False
0.06,0.5645596814884895,0.23364684815658604,0.9321002935247727,0.5050581964538235,0.3736355646281648,26357,88217,86450,1920,True,False
0.07,0.5934198596657206,0.2444157508812275,0.9171057750114935,0.5410180514922681,0.3859680456023635,25933,94498,80169,2344,True,False
0.08,0.6184612503941974,0.25445590057147427,0.9006966792799802,0.5727698992940853,0.3968091984824997,25469,100044,74623,2808,True,False
0.09,0.6395951592557553,0.26346756081358935,0.8836510238002617,0.6000847326627239,0.4059098736151272,24987,104815,69852,3290,True,False
0.1,0.6587334437086093,0.27226958000377877,0.8663578173073523,0.6251209444256786,0.41432847937490486,24498,109188,65479,3779,True,False
0.11,0.6767285556606749,0.28130016521565915,0.8489938819535311,0.6488403648084641,0.4225840521035029,24007,113331,61336,4270,True,False
0.12,0.6931025307473982,0.289878892733564,0.829543445202815,0.6710139866145294,0.4296271875600978,23457,117204,57463,4820,True,False
0.13,0.7085846341847998,0.2989577905158937,0.8115429501007886,0.6919166184797357,0.43695078876967164,22948,120855,53812,5329,True,True
0.14,0.7223815436770735,0.307554104835834,0.7930473529723804,0.7109413913332226,0.44322123509007716,22425,124178,50489,5852,False,False
0.15,0.7351978871018606,0.31598953590888723,0.7731725430561941,0.729050135400505,0.4486282395912421,21863,127341,47326,6414,False,False
0.16,0.7466739593188269,0.32382417448519557,0.7518831559217739,0.7458306377277906,0.45268436012902813,21261,130272,44395,7016,False,False
0.17,0.7574503311258278,0.33206125230497874,0.732361990310146,0.7615119055116307,0.456940491163037,20709,133011,41656,7568,False,False
0.18,0.7677142462945443,0.3407187246690084,0.7135127488771793,0.776488976166076,0.46120261049455386,20176,135627,39040,8101,False,False
0.19,0.776795569221066,0.3487640609173138,0.6940623121264632,0.7901893316997487,0.46424600827912477,19626,138020,36647,8651,False,False
0.2,0.7847977767265847,0.3562076243486057,0.6744350532234679,0.8026644987318726,0.46619243179818126,19071,140199,34468,9206,False,False
0.21,0.7923811494796594,0.3640946179193472,0.6564699225518973,0.8143839420153778,0.46840186220209185,18563,142246,32421,9714,False,False
0.22,0.7995111952065594,0.37198027768035813,0.6376560455493864,0.8257140730647461,0.4698631921824104,18031,144225,30442,10246,False,False
0.23,0.8059267581204668,0.37957201396266504,0.6191250839905224,0.8361682515873061,0.4706182795698925,17507,146051,28616,10770,False,False
0.24,0.8119431961526332,0.3871954002007849,0.6001343848357322,0.8462331178757292,0.4707024478191526,16970,147809,26858,11307,False,False
0.25,0.8171810942920215,0.39402963567809024,0.5802242104890901,0.8555422604155336,0.46933463012758164,16407,149435,25232,11870,False,False
0.26,0.8223450804162725,0.4015494847709953,0.5608798670297415,0.8646739223780108,0.4680260866999144,15860,151030,23637,12417,False,False
0.27,0.8274055897193314,0.4098798397863818,0.5428440074972593,0.8734735239054887,0.46708354253198836,15350,152567,22100,12927,False,False
0.28,0.831717123935667,0.417237201701744,0.5237118506206457,0.8815803786633994,0.4644503685118394,14809,153983,20684,13468,False,False
0.29,0.8356246058025859,0.4242487479131887,0.5032712098171659,0.8894296003251903,0.46039371734523865,14231,155354,19313,14046,False,False
0.3,0.8392315121412803,0.4313100050530571,0.48297202673550943,0.8969066852925853,0.455681420063062,13657,156660,18007,14620,False,False
0.31,0.8424639309366131,0.43833878613874605,0.4643349718852778,0.9036795731305857,0.4509625457230685,13130,157843,16824,15147,False,False
0.32,0.8453464995269631,0.44510364798530916,0.445733281465502,0.9100402480147939,0.4454182422164894,12604,158954,15713,15673,False,False
0.33,0.8483670372122359,0.45340153834665076,0.4294302790253563,0.9161890912421923,0.44109046659038487,12143,160028,14639,16134,False,False
0.34,0.8508899006622517,0.46071287128712873,0.4113944194928741,0.9220402251140742,0.43465914398341027,11633,161050,13617,16644,False,False
0.35,0.853161463260801,0.46810203996146277,0.3951975103440959,0.9273016654548369,0.42857142857142855,11175,161969,12698,17102,False,False
0.36,0.8550930305897193,0.47484318697450956,0.3774799306857163,0.9324142511178414,0.4206005201355505,10674,162862,11805,17603,False,False
0.37,0.8568274992116052,0.4816299580248078,0.36114156381511475,0.9370745475676573,0.4127728375101051,10212,163676,10991,18065,False,False
0.38,0.8582515373699149,0.4877315973960941,0.34444955263995475,0.941431409482043,0.4037556739279126,9740,164437,10230,18537,False,False
0.39,0.8594094922737306,0.4932249322493225,0.32825264349117655,0.9453989591622917,0.39417360285374553,9282,165130,9537,18995,False,False
0.4,0.8607103437401451,0.5002540793856926,0.31332885383880893,0.949326432583144,0.3853179090197443,8860,165816,8851,19417,False,False
0.41,0.8618436613055819,0.5072113933981052,0.2972380379813983,0.9532481808240824,0.3748216196931859,8405,166501,8166,19872,False,False
0.42,0.8629079943235572,0.5147373194273499,0.2810057644021643,0.9571126772658831,0.3635448597703253,7946,167176,7491,20331,False,False
0.43,0.8637062440870388,0.521496759807679,0.26466739753156276,0.960685189532081,0.35113071220793846,7484,167800,6867,20793,False,False
0.44,0.8644404367707348,0.5288447055279409,0.2483290306609612,0.9641832744593999,0.3379617374563831,7022,168411,6256,21255,False,False
0.45,0.8648198517817723,0.5343268995846567,0.2320260282208155,0.9672634212530129,0.32355261860143997,6561,168949,5718,21716,False,False
0.46,0.8653914380321666,0.5424148606811146,0.21685468755525691,0.9703836443060223,0.30983780506290737,6132,169494,5173,22145,False,False
0.47,0.8656131740775781,0.5485587154188432,0.20055168511511123,0.9732805853423944,0.293720056972679,5671,170000,4667,22606,False,False
0.48,0.8662093976663513,0.559017941454202,0.1884216854687555,0.9759370688223877,0.28184511214557767,5328,170464,4203,22949,False,False
0.49,0.8664606985178177,0.5673693858845096,0.17512465961735688,0.9783817206455713,0.267639508174571,4952,170891,3776,23325,False,False
0.5,0.8667070719016083,0.576625,0.16313611769282454,0.9806088156320313,0.2543209195909254,4613,171280,3387,23664,False,False
0.51,0.8665346105329549,0.5811418449380025,0.1508292958941896,0.982400796945044,0.23949910152740342,4265,171593,3074,24012,False,False
0.52,0.8665641753390098,0.5893150276078197,0.1396541358701418,0.9842443048772808,0.22579907370347074,3949,171915,2752,24328,False,False
0.53,0.8664951907915484,0.5975911565748226,0.12808996711107967,0.9860362861902935,0.21096161686761022,3622,172228,2439,24655,False,False
0.54,0.8662537448754336,0.6030534351145038,0.11733918025250203,0.9874962070683071,0.19645341780396103,3318,172483,2184,24959,False,False
0.55,0.8663276568905708,0.6151533373421527,0.108533437068996,0.9890076545655447,0.18451271568568509,3069,172747,1920,25208,False,False
0.56,0.8661946152633239,0.6250557289344628,0.09916186299819642,0.9903702473850241,0.171168696395324,2804,172985,1682,25473,False,False
0.57,0.8659433144118575,0.6327137546468401,0.09028539095377869,0.9915152833677798,0.158021787571181,2553,173185,1482,25724,False,False
0.58,0.8655491169977925,0.6371436479380017,0.08140891890936096,0.9924942891330361,0.14437127626215115,2302,173356,1311,25975,False,False
0.59,0.8652436140018922,0.644389182468138,0.07331046433497189,0.993450394178637,0.1316441226900362,2073,173523,1144,26204,False,False
0.6,0.865036660359508,0.6550157287661657,0.06627294267425823,0.9943492474251003,0.12036739674995182,1874,173680,987,26403,False,False
0.61,0.8645734783979817,0.657278857596192,0.05859886126533932,0.9950534445544951,0.10760438989544775,1657,173803,864,26620,False,False
0.62,0.8641300063071586,0.659700136301681,0.05134915302189058,0.9957118402445797,0.09528184264059321,1452,173918,749,26825,False,False
0.63,0.8638442131819615,0.666322846828262,0.04569084414895498,0.9962958085957851,0.08551760656605772,1292,174020,647,26985,False,False
0.64,0.8634549432355724,0.6660798122065728,0.040138628567386925,0.9967423726290598,0.07571461925886394,1135,174098,569,27142,False,False
0.65,0.8633219016083254,0.6807511737089202,0.03589489691268522,0.9972748143610413,0.0681940338618651,1015,174191,476,27262,False,False
0.66,0.8631395853043204,0.6951788491446346,0.03161580082752767,0.9977557294737988,0.06048100666373508,894,174275,392,27383,False,False
0.67,0.8629079943235572,0.7033065236818588,0.02783180676875199,0.9980992402686254,0.05354469995917812,787,174335,332,27490,False,False
0.68,0.8626517660044151,0.7092419522326064,0.024153906001343848,0.9983969496241419,0.04671682626538988,683,174387,280,27594,False,False
0.69,0.8624349574266793,0.7175757575757575,0.020935742829861725,0.9986660330800895,0.04068448903855405,592,174434,233,27685,False,False
0.7,0.8622230763166193,0.7270114942528736,0.01789440181065884,0.998912215816382,0.03492907189452249,506,174477,190,27771,False,False
0.71,0.8621097445600757,0.7445742904841403,0.015772535983307988,0.9991240474731918,0.030890705083806622,446,174514,153,27831,False,False
0.72,0.861942210659098,0.7534246575342466,0.01361530572550129,0.9992786273308639,0.026747255801028207,385,174541,126,27892,False,False
0.73,0.8618288789025544,0.7757009345794392,0.011740990911341374,0.9994503827282772,0.02313185856122627,332,174571,96,27945,False,False
0.74,0.861602215389467,0.7714285714285715,0.009548396223078827,0.9995419856068977,0.018863310860376566,270,174587,80,28007,False,False
0.75,0.8614593188268685,0.7766323024054983,0.007992361283021537,0.9996278633056044,0.01582189862783534,226,174602,65,28051,False,False
0.76,0.8613509145380006,0.7813765182186235,0.006825335077978569,0.9996908402846559,0.013532463890057496,193,174613,54,28084,False,False
0.77,0.8612277278461054,0.7938144329896907,0.005446122290200517,0.9997709928034488,0.010818025359137368,154,174627,40,28123,False,False
0.78,0.8611341059602649,0.8231292517006803,0.004279096085157548,0.9998511453222417,0.008513931888544891,121,174641,26,28156,False,False
0.79,0.8609714995269631,0.7924528301886793,0.0029706121582911906,0.9998740460418969,0.005919036042701617,84,174645,22,28193,False,False
0.8,0.8609025149795018,0.8076923076923077,0.002227959118718393,0.9999141223012933,0.004443660730029977,63,174652,15,28214,False,False
0.81,0.8608581677704195,0.8305084745762712,0.001732857092336528,0.9999427482008623,0.003458498023715415,49,174657,10,28228,False,False
0.82,0.8608483128350678,0.8936170212765957,0.0014853060791455953,0.9999713741004311,0.002965682813161983,42,174662,5,28235,False,False
0.83,0.8607793282876064,0.896551724137931,0.0009194751918520352,0.9999828244602587,0.0018370663463576626,26,174664,3,28251,False,False
0.84,0.8607546909492274,0.9090909090909091,0.0007072886091169502,0.9999885496401725,0.0014134775080391533,20,174665,2,28257,False,False
0.85,0.8607054162724692,0.9,0.00031827987410262755,0.9999942748200862,0.0006363347120585428,9,174666,1,28268,False,False
0.86,0.8606807789340902,0.8,0.00014145772182339004,0.9999942748200862,0.0002828654267732126,4,174666,1,28273,False,False
0.87,0.8606807789340902,1.0,0.00010609329136754252,1.0,0.00021216407355021216,3,174667,0,28274,False,False
0.88,0.8606758514664143,1.0,7.072886091169502e-05,1.0,0.00014144771738746066,2,174667,0,28275,False,False
0.89,0.8606758514664143,1.0,7.072886091169502e-05,1.0,0.00014144771738746066,2,174667,0,28275,False,False
0.9,0.8606758514664143,1.0,7.072886091169502e-05,1.0,0.00014144771738746066,2,174667,0,28275,False,False
0.91,0.8606709239987386,1.0,3.536443045584751e-05,1.0,7.072635971426551e-05,1,174667,0,28276,False,False
0.92,0.8606709239987386,1.0,3.536443045584751e-05,1.0,7.072635971426551e-05,1,174667,0,28276,False,False
0.93,0.8606709239987386,1.0,3.536443045584751e-05,1.0,7.072635971426551e-05,1,174667,0,28276,False,False
0.94,0.8606659965310628,0.0,0.0,1.0,0.0,0,174667,0,28277,False,False
0.95,0.8606659965310628,0.0,0.0,1.0,0.0,0,174667,0,28277,False,False
0.96,0.8606659965310628,0.0,0.0,1.0,0.0,0,174667,0,28277,False,False
0.97,0.8606659965310628,0.0,0.0,1.0,0.0,0,174667,0,28277,False,False
0.98,0.8606659965310628,0.0,0.0,1.0,0.0,0,174667,0,28277,False,False
0.99,0.8606659965310628,0.0,0.0,1.0,0.0,0,174667,0,28277,False,False
