Model,Fold,Train_Size,Validation_Size,Train_Prevalence,Validation_Prevalence,Shared_Profile_Count,Accuracy,Precision,Recall,F1-score,ROC-AUC,PR-AUC
Logistic Regression,1,162355,40589,0.13933663884697114,0.13932346202173002,0,0.8632880829781467,0.5345953002610966,0.14482758620689656,0.22791150688743564,0.8257979769049906,0.40689262563769424
Logistic Regression,2,162355,40589,0.13933663884697114,0.13932346202173002,0,0.8652344231195644,0.5594855305466238,0.15384615384615385,0.24133148404993066,0.8269145956019529,0.416510617049603
Logistic Regression,3,162355,40589,0.13933047950478888,0.13934809923871,0,0.8654068836384242,0.5645484949832776,0.1492220650636492,0.23605090197175221,0.8195729202732036,0.407138221361535
Logistic Regression,4,162355,40589,0.13933047950478888,0.13934809923871,0,0.8654068836384242,0.5610373181530677,0.1568246110325318,0.24512919718115242,0.8205958119019593,0.41247207056979174
Logistic Regression,5,162356,40588,0.13933578063022,0.13932689464866463,0,0.8648861732531783,0.5537397862979259,0.15579133510167992,0.24316864476952801,0.8255690146070451,0.4153265401978954
Decision Tree,1,162355,40589,0.13933663884697114,0.13932346202173002,0,0.863115622459287,0.5319561007101355,0.14571175950486295,0.22876179900055524,0.8161155199976189,0.39726224951876
Decision Tree,2,162355,40589,0.13933663884697114,0.13932346202173002,0,0.8644953066101653,0.5622489959839357,0.1237842617152962,0.2028985507246377,0.8160799318578619,0.4040012172384957
Decision Tree,3,162355,40589,0.13933047950478888,0.13934809923871,0,0.8641750227894257,0.5591397849462365,0.11951909476661952,0.19694100509832482,0.8121297569997705,0.39587346108439486
Decision Tree,4,162355,40589,0.13933047950478888,0.13934809923871,0,0.8643228460913055,0.5555555555555556,0.13171852899575673,0.2129484064599114,0.8167391413978127,0.4070649644847947
Decision Tree,5,162356,40588,0.13933578063022,0.13932689464866463,0,0.8644919680693801,0.5693822739480752,0.11246684350132626,0.1878322504430006,0.8162847267332998,0.4015219178876988
Random Forest,1,162355,40589,0.13933663884697114,0.13932346202173002,0,0.8662445490157432,0.615071283095723,0.1068081343943413,0.18200994425192105,0.8266936332688894,0.42369598102326417
Random Forest,2,162355,40589,0.13933663884697114,0.13932346202173002,0,0.8659242651950035,0.6074672048435923,0.10645446507515473,0.18116160096298525,0.8284857533799874,0.432123425884632
Random Forest,3,162355,40589,0.13933047950478888,0.13934809923871,0,0.8645199438271453,0.5798575788402849,0.10077793493635077,0.17171260732037957,0.8221016218114199,0.4166511837888612
Random Forest,4,162355,40589,0.13933047950478888,0.13934809923871,0,0.8656778930252039,0.600990099009901,0.10731966053748232,0.18211821182118212,0.8251556621969127,0.4281433474429203
Random Forest,5,162356,40588,0.13933578063022,0.13932689464866463,0,0.8652311027890017,0.5942915392456677,0.10309460654288241,0.175708257986739,0.82709977617125,0.4298058211084846
XGBoost,1,162355,40589,0.13933663884697114,0.13932346202173002,0,0.8665648328364828,0.5747342088805504,0.16251105216622458,0.253377446925834,0.8306848402320061,0.42821105457855146
XGBoost,2,162355,40589,0.13933663884697114,0.13932346202173002,0,0.867230037694942,0.5841772151898734,0.1632183908045977,0.2551485832757429,0.8313971699671433,0.437074132361479
XGBoost,3,162355,40589,0.13933047950478888,0.13934809923871,0,0.866417009534603,0.5764705882352941,0.15594059405940594,0.24547731700528805,0.8247480193545689,0.42343152455922156
XGBoost,4,162355,40589,0.13933047950478888,0.13934809923871,0,0.8669836655251423,0.5766249254621347,0.17096888260254597,0.2637392608754943,0.8279055337331745,0.43514515042781016
XGBoost,5,162356,40588,0.13933578063022,0.13932689464866463,0,0.866339804868434,0.5712515489467163,0.16304155614500443,0.2536800110056404,0.8321010109462289,0.4372669549761726
