Category,Metric,Primary_Stratified,Profile_Grouped,Absolute_Delta,Relative_Delta_Pct,Stability_Assessment
Algorithm,Selected Model,XGBoost,XGBoost,N/A,N/A,Identical
Operating Point,Screening Threshold,0.13,0.13,N/A,N/A,Identical
Discrimination,CV PR-AUC (Mean),0.4359,0.4322,-0.0037,-0.84%,Robust (<1% shift)
Discrimination,CV ROC-AUC (Mean),0.8305,0.8294,-0.0011,-0.14%,Robust (<1% shift)
Discrimination,Holdout PR-AUC,"0.4238 [0.4135, 0.4347]","0.4372 [0.4256, 0.4478]",0.0133,+3.14%,Moderate Shift (1-5%)
Discrimination,Holdout ROC-AUC,"0.8272 [0.8223, 0.8322]","0.8310 [0.8262, 0.8353]",0.0037,+0.45%,Robust (<1% shift)
Screening Utility,Holdout Recall,"0.8099 [0.8004, 0.8194]","0.8154 [0.8065, 0.8243]",0.0055,+0.68%,Robust (<1% shift)
Screening Utility,Holdout Precision,"0.2991 [0.2953, 0.3028]","0.2993 [0.2955, 0.3030]",0.0002,+0.07%,Robust (<1% shift)
Screening Utility,Holdout Specificity,0.6928,"0.6910 [0.6866, 0.6954]",-0.0018,-0.26%,Robust (<1% shift)
Harmonic Balance,Holdout F1-Score,0.4369,0.4379,0.001,+0.23%,Robust (<1% shift)
Global Concordance,Holdout Accuracy,0.7091,"0.7083 [0.7044, 0.7122]",-0.0008,-0.11%,Robust (<1% shift)
Calibration,Holdout Brier Score,0.0974,0.0964,-0.001,-1.03%,Moderate Shift (1-5%)
Calibration,Calibration Slope,0.9589,0.9878,0.0289,+3.01%,Moderate Shift (1-5%)
Calibration,Calibration Intercept,-0.0515,-0.0158,0.0357,-69.32%,Substantial Shift (>5%)
