Threshold,Accuracy,Precision,Recall,F1-score,True Positives,False Negatives,False Positives,True Negatives,Evaluation_Split
0.01,0.2943077893409019,0.16433915648928527,0.9950489797361813,0.28208932778585394,28137,140,143076,31591,Development OOF
0.02,0.3914035398927783,0.18454281663641303,0.9851115747780882,0.3108529597205716,27856,421,123090,51577,Development OOF
0.03,0.45187835067801957,0.19959299251888385,0.9746437033631573,0.33133362988254245,27560,717,110521,64146,Development OOF
0.04,0.49629454430778935,0.2117458114713839,0.9604979311808184,0.34699509403107115,27160,1117,101107,73560,Development OOF
0.05,0.5336693866288237,0.22327489867062533,0.9467765321639495,0.36133699547181525,26772,1505,93134,81533,Development OOF
0.06,0.5659640097760958,0.2341015791720017,0.9310747250415532,0.37413404764780694,26328,1949,86136,88531,Development OOF
0.07,0.595164183222958,0.24507002271006814,0.9159033843759946,0.38667632150615494,25899,2378,79781,94886,Development OOF
0.08,0.6199789104383475,0.2551578947368421,0.9000954839622308,0.3976036304841947,25452,2825,74298,100369,Development OOF
0.09,0.6418765767896563,0.26468031883320614,0.8830851929129682,0.4072874956165746,24971,3306,69373,105294,Development OOF
0.1,0.6611183380637023,0.27359534857717893,0.8653322488241327,0.41574350958271034,24469,3808,64966,109701,Development OOF
0.11,0.6791824345632292,0.282736164037706,0.8475085758743856,0.424016702347883,23965,4312,60796,113871,Development OOF
0.12,0.6954578602964364,0.2914666003234233,0.828623970010963,0.43124407593841735,23431,4846,56959,117708,Development OOF
0.13,0.7102057710501419,0.2999777279932922,0.8097393641475404,0.43777603579144597,22897,5380,53432,121235,Development OOF
0.14,0.7236774676758121,0.3085673364273615,0.7923754287937192,0.44416691446129447,22406,5871,50207,124460,Development OOF
0.15,0.7368633711762851,0.31754607642368526,0.7732079074866499,0.45020076186554103,21864,6413,46989,127678,Development OOF
0.16,0.7486548013245033,0.3261015911872705,0.7537574707359338,0.45524739152258187,21314,6963,44046,130621,Development OOF
0.17,0.7589187164932198,0.33398189390406663,0.7345192205679527,0.45917803373643135,20770,7507,41419,133248,Development OOF
0.18,0.7684238016398612,0.341710072380437,0.7145736817908548,0.4623322541157089,20206,8071,38926,135741,Development OOF
0.19,0.7770862898139388,0.3491837678272931,0.6944159564310217,0.46469690336169256,19636,8641,36598,138069,Development OOF
0.2,0.7851525543992431,0.35687468479742984,0.6756728082894224,0.4670594274818491,19106,9171,34431,140236,Development OOF
0.21,0.7928344765058342,0.3648855561226493,0.6573540333132935,0.46928135926987213,18588,9689,32354,142313,Development OOF
0.22,0.799496412803532,0.37212608158220023,0.6387877073239735,0.4702865251181379,18063,10214,30477,144190,Development OOF
0.23,0.8057542967518133,0.3794982698961938,0.6205750256392121,0.4709797764268556,17548,10729,28692,145975,Development OOF
0.24,0.812160004730369,0.3878151068970233,0.6017257842062453,0.4716497345844132,17015,11262,26859,147808,Development OOF
0.25,0.8175309444970041,0.3951817615786197,0.5835838313823956,0.47125008924109374,16502,11775,25256,149411,Development OOF
0.26,0.822591453800063,0.4026605527701494,0.5651943275453549,0.470280131826742,15982,12295,23709,150958,Development OOF
0.27,0.8272134184799748,0.40997215223445166,0.5466633659864908,0.4685520293413355,15458,12819,22247,152420,Development OOF
0.28,0.8313672737306843,0.4168112373384073,0.5267885560703045,0.465390924002187,14896,13381,20842,153825,Development OOF
0.29,0.8349495427309996,0.4228620414437317,0.5058881776708987,0.46066402602003026,14305,13972,19524,155143,Development OOF
0.3,0.8387781851151056,0.430546000375258,0.4868974785161085,0.456991121068791,13768,14509,18210,156457,Development OOF
0.31,0.8421190081993062,0.4377480815030431,0.46801287265268593,0.4523748483139346,13234,15043,16998,157669,Development OOF
0.32,0.8452085304320404,0.44507091577657154,0.449446546663366,0.44724802927927926,12709,15568,15846,158821,Development OOF
0.33,0.8484064569536424,0.4539088551315302,0.43324963751458784,0.44333870121410607,12251,16026,14739,159928,Development OOF
0.34,0.8514713418479974,0.4631691141639034,0.41493086253845884,0.4377250088604525,11733,16544,13599,161068,Development OOF
0.35,0.8538710186061179,0.4710913588528783,0.3973547406019026,0.4310926949048496,11236,17041,12615,162052,Development OOF
0.36,0.8556301245663829,0.47724236216264365,0.3789652367648619,0.42246358242494725,10716,17561,11738,162929,Development OOF
0.37,0.8577341532639546,0.4859171597633136,0.3630158786292747,0.4155702198291567,10265,18012,10860,163807,Development OOF
0.38,0.8590793519394513,0.4918834442427909,0.34505074795770413,0.4055868476295388,9757,18520,10079,164588,Development OOF
0.39,0.8603112188584043,0.4980783602007046,0.3299855005835131,0.3969709216991768,9331,18946,9403,165264,Development OOF
0.4,0.8616071428571429,0.5054320004550367,0.31424832903066097,0.3875441580531205,8886,19391,8695,165972,Development OOF
0.41,0.8627897350993378,0.5130820129909549,0.2989001662128231,0.37774301675977656,8452,19825,8021,166646,Development OOF
0.42,0.863937835067802,0.5216936748562467,0.2823496127594865,0.3663982010509167,7984,20293,7320,167347,Development OOF
0.43,0.864617825607064,0.5281443009545199,0.2661173391802525,0.35390946502057613,7525,20752,6723,167944,Development OOF
0.44,0.8651844843897823,0.5347006735790509,0.24984970117056265,0.3405639913232104,7065,21212,6148,168519,Development OOF
0.45,0.8658004178492589,0.542607131174354,0.23464299607454822,0.3276138748302679,6635,21642,5593,169074,Development OOF
0.46,0.866086210974456,0.5488454706927176,0.2185521802171376,0.3126185598300326,6180,22097,5080,169587,Development OOF
0.47,0.8666528697571744,0.5585880991416723,0.20483078120026876,0.29974641618796255,5792,22485,4577,170090,Development OOF
0.48,0.8667908388520972,0.5646654874622828,0.19192276408388442,0.28647592905405406,5427,22850,4184,170483,Development OOF
0.49,0.866978082623778,0.5726602382302893,0.17851964494111822,0.27218807289981667,5048,23229,3767,170900,Development OOF
0.5,0.8671061967833491,0.5806093499444924,0.16646037415567422,0.2587401055408971,4707,23570,3400,171267,Development OOF
0.51,0.8671111242510249,0.5883067782878747,0.1540828234961276,0.24420592438976543,4357,23920,3049,171618,Development OOF
0.52,0.8673082229580574,0.5990885033813584,0.1441100541075786,0.2323327346845691,4075,24202,2727,171940,Development OOF
0.53,0.8671160517187008,0.6043693190878647,0.13403119142766207,0.21940488595577168,3790,24487,2481,172186,Development OOF
0.54,0.8669435903500473,0.6117151876534549,0.12335113342999611,0.20530327555254715,3488,24789,2214,172453,Development OOF
0.55,0.8665937401450646,0.6156508363776196,0.11323690631962373,0.19128980225819942,3202,25075,1999,172668,Development OOF
0.56,0.8665691028066856,0.6266920473773265,0.10478480744067617,0.17954855324950766,2963,25314,1765,172902,Development OOF
0.57,0.8663720040996531,0.6342141863699583,0.09675708172719878,0.1678991132521248,2736,25541,1578,173089,Development OOF
0.58,0.8660369362976978,0.6398870636550308,0.08816352512642783,0.15497466820004352,2493,25784,1403,173264,Development OOF
0.59,0.8657560706401766,0.6477825464949929,0.08006507055203876,0.1425154223844895,2264,26013,1231,173436,Development OOF
0.6,0.8654259303058972,0.6529449018366055,0.07292145559995757,0.13119134722443138,2062,26215,1096,173571,Development OOF
0.61,0.8651302822453485,0.6617857142857143,0.06553028963468543,0.11925218006886122,1853,26424,947,173720,Development OOF
0.62,0.8648346341847998,0.6719512195121952,0.05845740354351593,0.10755766665582198,1653,26624,807,173860,Development OOF
0.63,0.8644453642384106,0.6755148741418764,0.05219789935283092,0.09690762261177861,1476,26801,709,173958,Development OOF
0.64,0.8642285556606749,0.6891679748822606,0.04657495491035117,0.08725321319729694,1317,26960,594,174073,Development OOF
0.65,0.8639181251970987,0.6964285714285714,0.04137638363334158,0.07811196047668324,1170,27107,510,174157,Development OOF
0.66,0.8635239277830338,0.6972789115646258,0.0362485412172437,0.06891451238780381,1025,27252,445,174222,Development OOF
0.67,0.8632874093345948,0.7062015503875969,0.03221699614527708,0.061622755098589645,911,27366,379,174288,Development OOF
0.68,0.8630262535477767,0.7110132158590309,0.028539095377868938,0.05487556099551204,807,27470,328,174339,Development OOF
0.69,0.8628636471144749,0.7221115537848606,0.025639212080489443,0.049520166660974696,725,27552,279,174388,Development OOF
0.7,0.8626862582781457,0.7400468384074942,0.022350320048095625,0.0433902028766606,632,27645,222,174445,Development OOF
0.71,0.8624349574266793,0.7469050894085282,0.019202885737525197,0.037443111294993794,543,27734,184,174483,Development OOF
0.72,0.8621491643014821,0.7455138662316476,0.01616154471832231,0.03163724472135687,457,27820,156,174511,Development OOF
0.73,0.8619126458530432,0.7428023032629558,0.013686034586412986,0.026876866449058963,387,27890,134,174533,Development OOF
0.74,0.8616958372753075,0.7424593967517401,0.011316617745871203,0.02229343736937439,320,27957,111,174556,Development OOF
0.75,0.8615233759066541,0.7443820224719101,0.009371574070799589,0.018510110711416897,265,28012,91,174576,Development OOF
0.76,0.8613755518763797,0.7686567164179104,0.007285072673904587,0.014433350849535821,206,28071,62,174605,Development OOF
0.77,0.861262220119836,0.7788018433179723,0.005976588747038229,0.0118621464167895,169,28108,48,174619,Development OOF
0.78,0.8610897587511825,0.76875,0.004349824946069243,0.008650701550796497,123,28154,37,174630,Development OOF
0.79,0.8609714995269631,0.7421875,0.003359620893305513,0.006688963210702341,95,28182,33,174634,Development OOF
0.8,0.8608581677704195,0.7052631578947368,0.002369416840541783,0.004722966304807557,67,28210,28,174639,Development OOF
0.81,0.8607990381583097,0.6956521739130435,0.0016974926618806804,0.0033867212305087138,48,28229,21,174646,Development OOF
0.82,0.8607842557552823,0.7608695652173914,0.0012377550659546628,0.002471489602090174,35,28242,11,174656,Development OOF
0.83,0.8607694733522548,0.7837837837837838,0.0010255684832195778,0.002048456593911139,29,28248,8,174659,Development OOF
0.84,0.8607448360138757,0.7857142857142857,0.0007780174700286452,0.001554495672142731,22,28255,6,174661,Development OOF
0.85,0.8607300536108483,0.8095238095238095,0.0006011953177494076,0.0012014983391052372,17,28260,4,174663,Development OOF
0.86,0.8606906338694418,0.6923076923076923,0.00031827987410262755,0.0006362672322375398,9,28268,4,174663,Development OOF
0.87,0.8606906338694418,0.7272727272727273,0.0002829154436467801,0.0005656108597285068,8,28269,3,174664,Development OOF
0.88,0.860685706401766,0.7,0.00024755101319093255,0.0004949269982677555,7,28270,3,174664,Development OOF
0.89,0.8606709239987386,0.6666666666666666,7.072886091169502e-05,0.00014144271570014144,2,28275,1,174666,Development OOF
0.9,0.8606709239987386,0.6666666666666666,7.072886091169502e-05,0.00014144271570014144,2,28275,1,174666,Development OOF
0.91,0.8606659965310628,0.5,3.536443045584751e-05,7.072385869373033e-05,1,28276,1,174666,Development OOF
0.92,0.8606659965310628,0.5,3.536443045584751e-05,7.072385869373033e-05,1,28276,1,174666,Development OOF
0.93,0.8606610690633869,0.0,0.0,0.0,0,28277,1,174666,Development OOF
0.94,0.8606610690633869,0.0,0.0,0.0,0,28277,1,174666,Development OOF
0.95,0.8606659965310628,0.0,0.0,0.0,0,28277,0,174667,Development OOF
0.96,0.8606659965310628,0.0,0.0,0.0,0,28277,0,174667,Development OOF
0.97,0.8606659965310628,0.0,0.0,0.0,0,28277,0,174667,Development OOF
0.98,0.8606659965310628,0.0,0.0,0.0,0,28277,0,174667,Development OOF
0.99,0.8606659965310628,0.0,0.0,0.0,0,28277,0,174667,Development OOF
