Variable,SHAP_Importance,SHAP_Rank,Description,LR_Chi2,df,p_value,Holm_p_value,Effect_Size,Effect_Size_Type,Meaningful_Marginal_Effect,LR_Chi2_Rank,Consistency_Group,Consistency_Interpretation,LR_Chi2_minus_df,LR_Chi2_minus_df_Rank,LR_Chi2_div_df,LR_Chi2_div_df_Rank
GenHlth,0.63809675,1,Self-Rated General Health,4941.502147402352,4,0.0,0.0,0.2993216672450668,Cramér's V,Yes,1,Group 1 — Consistent high evidence,Descriptive consequence of Top-10 consensus: High multivariable statistical contribution (LR Chi2 top-10) and high gradient-boosted model salience (SHAP top-10).,4937.502147402352,1,1235.375536850588,4
HighBP,0.5264038,2,High Blood Pressure,2448.451124261308,1,0.0,0.0,0.2631172900689311,Cramér's V,Yes,4,Group 1 — Consistent high evidence,Descriptive consequence of Top-10 consensus: High multivariable statistical contribution (LR Chi2 top-10) and high gradient-boosted model salience (SHAP top-10).,2447.451124261308,4,2448.451124261308,2
Age,0.39941722,3,Age Category (13 levels),2869.375349585141,12,0.0,0.0,0.1861984481259515,Cramér's V,Yes,3,Group 1 — Consistent high evidence,Descriptive consequence of Top-10 consensus: High multivariable statistical contribution (LR Chi2 top-10) and high gradient-boosted model salience (SHAP top-10).,2857.375349585141,3,239.11461246542842,8
BMI,0.3977973,4,Body Mass Index,3986.0392368628527,1,0.0,0.0,0.3766327799846281,Abs Rank-Biserial,Yes,2,Group 1 — Consistent high evidence,Descriptive consequence of Top-10 consensus: High multivariable statistical contribution (LR Chi2 top-10) and high gradient-boosted model salience (SHAP top-10).,3985.0392368628527,2,3986.0392368628527,1
HighChol,0.2927225,5,High Cholesterol,1572.3381028208532,1,0.0,0.0,0.2002646751624945,Cramér's V,Yes,5,Group 1 — Consistent high evidence,Descriptive consequence of Top-10 consensus: High multivariable statistical contribution (LR Chi2 top-10) and high gradient-boosted model salience (SHAP top-10).,1571.3381028208532,5,1572.3381028208532,3
Income,0.13534686,6,Income Bracket (8 levels),297.9838067818491,7,1.63030220235907e-60,2.1193928630667913e-59,0.166157948278278,Cramér's V,Yes,9,Group 1 — Consistent high evidence,Descriptive consequence of Top-10 consensus: High multivariable statistical contribution (LR Chi2 top-10) and high gradient-boosted model salience (SHAP top-10).,290.9838067818491,9,42.56911525454988,11
Sex,0.11866495,7,Biological Sex,391.0409442295495,1,4.9120548488804605e-87,6.876876788432644e-86,0.0314185327912046,Cramér's V,No,8,Group 1 — Consistent high evidence,Descriptive consequence of Top-10 consensus: High multivariable statistical contribution (LR Chi2 top-10) and high gradient-boosted model salience (SHAP top-10).,390.0409442295495,8,391.0409442295495,7
CholCheck,0.067796096,8,Cholesterol Check (5 Years),452.1313565503224,1,2.4789960221680264e-100,3.71849403325204e-99,0.0647307861486771,Cramér's V,Yes,7,Group 1 — Consistent high evidence,Descriptive consequence of Top-10 consensus: High multivariable statistical contribution (LR Chi2 top-10) and high gradient-boosted model salience (SHAP top-10).,451.1313565503224,7,452.1313565503224,6
HeartDiseaseorAttack,0.06380974,9,Heart Disease or Attack History,201.67564339289677,1,8.998630907162655e-46,1.0798357088595187e-44,0.1772627715988454,Cramér's V,Yes,10,Group 1 — Consistent high evidence,Descriptive consequence of Top-10 consensus: High multivariable statistical contribution (LR Chi2 top-10) and high gradient-boosted model salience (SHAP top-10).,200.67564339289677,10,201.67564339289677,9
HvyAlcoholConsump,0.056429956,10,Heavy Alcohol Consumption,476.94184481652337,1,9.889988676060687e-106,1.5823981881697102e-104,0.0570315421396454,Cramér's V,Yes,6,Group 1 — Consistent high evidence,Descriptive consequence of Top-10 consensus: High multivariable statistical contribution (LR Chi2 top-10) and high gradient-boosted model salience (SHAP top-10).,475.94184481652337,6,476.94184481652337,5
MentHlth,0.053680353,11,Mental Unhealthy Days,11.43098078953335,1,0.0007222954808697,0.0043337728852185,0.0545514474207249,Abs Rank-Biserial,No,16,Group 4 — Weak evidence,Secondary multivariable statistical contribution and secondary model salience within the analyzed sample.,10.43098078953335,16,11.43098078953335,15
DiffWalk,0.048277166,12,Difficulty Walking or Climbing Stairs,73.65374934158172,1,9.309484588743005e-18,1.0240433047617304e-16,0.2183291362092445,Cramér's V,Yes,11,Group 4 — Weak evidence,Secondary multivariable statistical contribution and secondary model salience within the analyzed sample.,72.65374934158172,11,73.65374934158172,10
Education,0.03615933,13,Education Level (6 levels),49.61015229619807,5,1.665157652176201e-09,1.4986418869585812e-08,0.1259951287811945,Cramér's V,Yes,12,Group 4 — Weak evidence,Secondary multivariable statistical contribution and secondary model salience within the analyzed sample.,44.61015229619807,12,9.922030459239615,16
Stroke,0.0217319,14,Stroke History,41.07392869264004,1,1.4657857665713118e-10,1.465785766571312e-09,0.1057872185884464,Cramér's V,Yes,13,Group 4 — Weak evidence,Secondary multivariable statistical contribution and secondary model salience within the analyzed sample.,40.07392869264004,13,41.07392869264004,12
Fruits,0.021512425,15,Fruit Consumption Daily,2.863398877263535,1,0.0906158420056679,0.2004925783897654,0.0407674108050883,Cramér's V,No,20,Group 4 — Weak evidence,Secondary multivariable statistical contribution and secondary model salience within the analyzed sample.,1.8633988772635348,20,2.863398877263535,20
PhysHlth,0.019684797,16,Physical Unhealthy Days,18.73276973760221,1,1.5037593679700585e-05,0.0001203007494376,0.2260290861400187,Abs Rank-Biserial,Yes,14,Group 4 — Weak evidence,Secondary multivariable statistical contribution and secondary model salience within the analyzed sample.,17.73276973760221,14,18.73276973760221,13
PhysActivity,0.016048353,17,Physical Activity Indicator,16.56809090563911,1,4.693409900292155e-05,0.0003285386930204,0.1181198528157091,Cramér's V,Yes,15,Group 4 — Weak evidence,Secondary multivariable statistical contribution and secondary model salience within the analyzed sample.,15.56809090563911,15,16.56809090563911,14
Smoker,0.0155737065,18,Tobacco Smoker Status,9.24984825833235,1,0.0023551493935048,0.0117757469675242,0.0607770480619646,Cramér's V,Yes,17,Group 4 — Weak evidence,Secondary multivariable statistical contribution and secondary model salience within the analyzed sample.,8.24984825833235,17,9.24984825833235,17
Veggies,0.0089842845,19,Vegetable Consumption Daily,3.3591918072779663,1,0.0668308594632551,0.2004925783897654,0.0565695868822472,Cramér's V,Yes,19,Group 4 — Weak evidence,Secondary multivariable statistical contribution and secondary model salience within the analyzed sample.,2.3591918072779663,19,3.3591918072779663,19
AnyHealthcare,0.0058297496,20,Healthcare Coverage Access,4.947274633334018,1,0.0261318316977168,0.1045273267908675,0.0162287597331057,Cramér's V,No,18,Group 4 — Weak evidence,Secondary multivariable statistical contribution and secondary model salience within the analyzed sample.,3.9472746333340183,18,4.947274633334018,18
NoDocbcCost,0.0045537916,21,Doctor Cost Barrier,0.1051824913010932,1,0.7456969128393376,0.7456969128393376,0.031412264160595,Cramér's V,No,21,Group 4 — Weak evidence,Secondary multivariable statistical contribution and secondary model salience within the analyzed sample.,-0.8948175086989067,21,0.1051824913010932,21
