Variable,Description,df,SHAP_Importance,SHAP_Rank,LR_Chi2,LR_Chi2_Rank,LR_Chi2_minus_df,LR_Chi2_minus_df_Rank,LR_Chi2_div_df,LR_Chi2_div_df_Rank
GenHlth,Self-Rated General Health,4,0.63809675,1,4941.502147402352,1,4937.502147402352,1,1235.375536850588,4
HighBP,High Blood Pressure,1,0.5264038,2,2448.451124261308,4,2447.451124261308,4,2448.451124261308,2
Age,Age Category (13 levels),12,0.39941722,3,2869.375349585141,3,2857.375349585141,3,239.11461246542842,8
BMI,Body Mass Index,1,0.3977973,4,3986.0392368628527,2,3985.0392368628527,2,3986.0392368628527,1
HighChol,High Cholesterol,1,0.2927225,5,1572.3381028208532,5,1571.3381028208532,5,1572.3381028208532,3
Income,Income Bracket (8 levels),7,0.13534686,6,297.9838067818491,9,290.9838067818491,9,42.56911525454988,11
Sex,Biological Sex,1,0.11866495,7,391.0409442295495,8,390.0409442295495,8,391.0409442295495,7
CholCheck,Cholesterol Check (5 Years),1,0.067796096,8,452.1313565503224,7,451.1313565503224,7,452.1313565503224,6
HeartDiseaseorAttack,Heart Disease or Attack History,1,0.06380974,9,201.67564339289677,10,200.67564339289677,10,201.67564339289677,9
HvyAlcoholConsump,Heavy Alcohol Consumption,1,0.056429956,10,476.94184481652337,6,475.94184481652337,6,476.94184481652337,5
MentHlth,Mental Unhealthy Days,1,0.053680353,11,11.43098078953335,16,10.43098078953335,16,11.43098078953335,15
DiffWalk,Difficulty Walking or Climbing Stairs,1,0.048277166,12,73.65374934158172,11,72.65374934158172,11,73.65374934158172,10
Education,Education Level (6 levels),5,0.03615933,13,49.61015229619807,12,44.61015229619807,12,9.922030459239615,16
Stroke,Stroke History,1,0.0217319,14,41.07392869264004,13,40.07392869264004,13,41.07392869264004,12
Fruits,Fruit Consumption Daily,1,0.021512425,15,2.863398877263535,20,1.8633988772635348,20,2.863398877263535,20
PhysHlth,Physical Unhealthy Days,1,0.019684797,16,18.73276973760221,14,17.73276973760221,14,18.73276973760221,13
PhysActivity,Physical Activity Indicator,1,0.016048353,17,16.56809090563911,15,15.56809090563911,15,16.56809090563911,14
Smoker,Tobacco Smoker Status,1,0.0155737065,18,9.24984825833235,17,8.24984825833235,17,9.24984825833235,17
Veggies,Vegetable Consumption Daily,1,0.0089842845,19,3.3591918072779663,19,2.3591918072779663,19,3.3591918072779663,19
AnyHealthcare,Healthcare Coverage Access,1,0.0058297496,20,4.947274633334018,18,3.9472746333340183,18,4.947274633334018,18
NoDocbcCost,Doctor Cost Barrier,1,0.0045537916,21,0.1051824913010932,21,-0.8948175086989067,21,0.1051824913010932,21
