Variable,SHAP_Importance,SHAP_Rank
GenHlth,0.63809675,1
HighBP,0.5264038,2
Age,0.39941722,3
BMI,0.3977973,4
HighChol,0.2927225,5
Income,0.13534686,6
Sex,0.11866495,7
CholCheck,0.067796096,8
HeartDiseaseorAttack,0.06380974,9
HvyAlcoholConsump,0.056429956,10
MentHlth,0.053680353,11
DiffWalk,0.048277166,12
Education,0.03615933,13
Stroke,0.0217319,14
Fruits,0.021512425,15
PhysHlth,0.019684797,16
PhysActivity,0.016048353,17
Smoker,0.0155737065,18
Veggies,0.0089842845,19
AnyHealthcare,0.0058297496,20
NoDocbcCost,0.0045537916,21
