figure_id,filename,research_question,purpose,source_script,source_artifact,status
FIG-01,methodology_pipeline_final.png,Overall Methodology,"End-to-end 12-step scientific methodology workflow diagram (Ingestion, Audit, RQ1-RQ4, Calibration, SHAP)",python_analysis/generate_methodology_pipeline_final.py,paper/images/methodology_pipeline_final.png,canonical
FIG-02,effect_size_ranking.png,RQ1,RQ1 Univariate statistical associations (Cramer's V and rank-biserial correlation with Holm-Bonferroni adjusted significance),python_analysis/generate_effect_size_figure.py,results/statistical_analysis/effect_size_ranking.png,canonical
FIG-03,cv_model_comparison.png,RQ2,"RQ2 5-fold cross-validation performance comparison across supervised classifiers (LR, DT, RF, XGBoost)",python_analysis/model_training.py,results/modeling/cv_model_comparison.png,canonical
FIG-04,threshold_tradeoff.png,RQ2,RQ2 Development out-of-fold screening decision threshold optimization curve (identifying optimal t* = 0.13),python_analysis/model_training.py,docs/figures/threshold_tradeoff.png,canonical
FIG-05,holdout_roc_pr_curves.png,RQ2,RQ2 Primary internal holdout discrimination curves (Receiver Operating Characteristic & Precision-Recall),python_analysis/model_training.py,results/modeling/holdout_roc_pr_curves.png,canonical
FIG-06,figure2_calibration_curves.png,RQ2 / RQ4,Joint Cox calibration assessment comparing primary stratified vs zero-overlap grouped models against ideal line,python_analysis/phase2_profile_grouped_sensitivity.py,results/phase2_sensitivity/figures/figure2_calibration_curves.png,canonical
FIG-07,shap_summary_beeswarm.png,RQ3,RQ3 TreeExplainer SHAP beeswarm plot displaying global importance and directional attribution of top indicators,python_analysis/shap_analysis.py,docs/figures/shap_summary_beeswarm.png,canonical
FIG-08,effect_size_shap_alignment.png,RQ3,RQ3 Likelihood-ratio Chi2 vs global SHAP importance ranking alignment and quadrant classification,python_analysis/shap_analysis.py,docs/figures/effect_size_shap_alignment.png,canonical
FIG-09,figure1_discrimination_comparison.png,RQ4,RQ4 Primary stratified vs profile-grouped redevelopment discrimination comparison (ROC and PR curves),python_analysis/phase2_profile_grouped_sensitivity.py,results/phase2_sensitivity/figures/figure1_discrimination_comparison.png,canonical
